Região,Lucro
Central,311403.98164
North,194597.95252
North Asia,165578.421
South,140355.76618
Central Asia,132480.187
Oceania,120089.112
West,108418.4489
East,91522.78
Africa,88871.63100000001
EMEA,43897.971
Caribbean,34571.32104
Southeast Asia,17852.328999999998
Canada,17817.39
